My Team 1,My Team 2,My Team 3,My Team 4,My Team 5,My Team 6,My Team 7,My Team 8,My Team 9,My Team 10,My Team 11,My Team 12,My Team 13,My Team 14,My Team 15,My Team 16,My Team 17,My Team 18,My Team 19,My Team 20,My Team 21
4,7,11,9,10,11,6,9,4,,7,3,10,6,1,4,7,11,11,4,11
A. St. Brown,A. Brown,P. Nacua,P. Nacua,A. Brown,G. Wilson,A. St. Brown,B. Robinson,J. Chase,J. Chase,J. Jefferson,T. Hill,P. Nacua,J. Chase,C. McCaffrey,T. Hill,B. Robinson,P. Nacua,D. London,T. Hill,P. Nacua
WR,WR,WR,WR,WR,WR,WR,RB,WR,WR,WR,WR,WR,WR,RB,WR,RB,WR,WR,WR,WR
DET,PHI,LAR,LAR,PHI,NYJ,DET,ATL,CIN,CIN,MIN,MIA,LAR,CIN,SF,MIA,ATL,LAR,ATL,MIA,LAR
(BYE 5),(BYE 5),(BYE 6),(BYE 6),(BYE 5),(BYE 12),(BYE 5),(BYE 12),(BYE 12),(BYE 12),(BYE 6),(BYE 6),(BYE 6),(BYE 12),(BYE 9),(BYE 6),(BYE 12),(BYE 6),(BYE 12),(BYE 6),(BYE 6)
2.9,2.6,2.2,2.4,2.3,2.2,2.7,2.4,2.9,2.7,2.6,2.1,2.3,2.7,2.12,2.9,2.6,2.2,2.2,2.9,2.2
B. Aiyuk,D. Adams,S. Barkley,D. London,J. Taylor,A. Brown,D. London,C. Olave,N. Collins,D. Adams,C. Olave,K. Williams,S. Barkley,D. Adams,S. LaPorta,D. Smith,N. Collins,S. Barkley,J. Gibbs,C. Olave,J. Gibbs
WR,WR,RB,WR,RB,WR,WR,WR,WR,WR,WR,RB,RB,WR,TE,WR,WR,RB,RB,WR,RB
SF,LV,PHI,ATL,IND,PHI,ATL,NO,HOU,LV,NO,LAR,PHI,LV,DET,PHI,HOU,PHI,DET,NO,DET
(BYE 9),(BYE 10),(BYE 5),(BYE 12),(BYE 14),(BYE 5),(BYE 12),(BYE 12),(BYE 14),(BYE 10),(BYE 12),(BYE 6),(BYE 5),(BYE 10),(BYE 5),(BYE 5),(BYE 14),(BYE 5),(BYE 5),(BYE 12),(BYE 5)
3.4,3.7,3.11,3.9,3.1,3.11,3.6,3.9,3.4,3.6,3.7,3.3,3.1,3.6,3.1,3.4,3.7,3.11,3.11,3.4,3.11
D. Samuel Sr.,N. Collins,D. Samuel Sr.,Z. Flowers,D. Achane,D. Smith,D. Samuel Sr.,Z. Flowers,S. Diggs,C. Kupp,M. Nabers,J. Waddle,M. Pittman Jr.,C. Kupp,D. Samuel Sr.,J. Waddle,M. Nabers,D. Moore,D. Smith,B. Aiyuk,D. Metcalf
WR,WR,WR,WR,RB,WR,WR,WR,WR,WR,WR,WR,WR,WR,WR,WR,WR,WR,WR,WR,WR
SF,HOU,SF,BAL,MIA,PHI,SF,BAL,HOU,LAR,NYG,MIA,IND,LAR,SF,MIA,NYG,CHI,PHI,SF,SEA
(BYE 9),(BYE 14),(BYE 9),(BYE 14),(BYE 6),(BYE 5),(BYE 9),(BYE 14),(BYE 14),(BYE 6),(BYE 11),(BYE 6),(BYE 14),(BYE 6),(BYE 9),(BYE 6),(BYE 11),(BYE 7),(BYE 5),(BYE 9),(BYE 10)
4.9,4.6,4.2,4.4,4.3,4.2,4.7,4.4,4.9,4.7,4.6,4.1,4.3,4.7,4.12,4.9,4.6,4.2,4.2,4.9,4.2
T. Dell,Z. Flowers,D. Smith,L. Jackson,J. Hurts,M. Nabers,J. Waddle,L. Jackson,T. Higgins,M. Pittman Jr.,T. Higgins,A. Cooper,D. Metcalf,M. Pittman Jr.,Z. Flowers,C. Kirk,Z. Flowers,M. Pittman Jr.,D. Moore,C. Kirk,M. Pittman Jr.
WR,WR,WR,QB,QB,WR,WR,QB,WR,WR,WR,WR,WR,WR,WR,WR,WR,WR,WR,WR,WR
HOU,BAL,PHI,BAL,PHI,NYG,MIA,BAL,CIN,IND,CIN,CLE,SEA,IND,BAL,JAX,BAL,IND,CHI,JAX,IND
(BYE 14),(BYE 14),(BYE 5),(BYE 14),(BYE 5),(BYE 11),(BYE 6),(BYE 14),(BYE 12),(BYE 14),(BYE 12),(BYE 10),(BYE 10),(BYE 14),(BYE 14),(BYE 12),(BYE 14),(BYE 14),(BYE 7),(BYE 12),(BYE 14)
5.4,5.7,5.11,5.9,5.1,5.11,5.6,5.9,5.4,5.6,5.7,5.3,5.1,5.6,5.1,5.4,5.7,5.11,5.11,5.4,5.11
C. Stroud,C. Stroud,T. Dell,K. Pitts,K. Allen,K. Allen,T. Dell,G. Pickens,M. Andrews,R. White,T. McBride,K. Allen,M. Brown,R. White,T. Dell,R. White,R. White,C. Godwin,C. Godwin,K. Allen,R. White
QB,QB,WR,TE,WR,WR,WR,WR,TE,RB,TE,WR,WR,RB,WR,RB,RB,WR,WR,WR,RB
HOU,HOU,HOU,ATL,CHI,CHI,HOU,PIT,BAL,TB,ARI,CHI,KC,TB,HOU,TB,TB,TB,TB,CHI,TB
(BYE 14),(BYE 14),(BYE 14),(BYE 12),(BYE 7),(BYE 7),(BYE 14),(BYE 9),(BYE 14),(BYE 11),(BYE 11),(BYE 7),(BYE 6),(BYE 11),(BYE 14),(BYE 11),(BYE 11),(BYE 11),(BYE 11),(BYE 7),(BYE 11)
6.9,6.6,6.2,6.4,6.3,6.2,6.7,6.4,6.9,6.7,6.6,6.1,6.3,6.7,6.12,6.9,6.6,6.2,6.2,6.9,6.2
K. Pitts,C. Kirk,J. Mixon,T. McLaurin,C. Kirk,K. Coleman,K. Pitts,J. Reed,J. Burrow,K. Walker III,K. Walker III,L. McConkey,D. Swift,K. Walker III,D. Montgomery,K. Walker III,H. Brown,R. Odunze,K. Pitts,E. Engram,A. Richardson
TE,WR,RB,WR,WR,WR,TE,WR,QB,RB,RB,WR,RB,RB,RB,RB,WR,WR,TE,TE,QB
ATL,JAX,HOU,WAS,JAX,BUF,ATL,GB,CIN,SEA,SEA,LAC,CHI,SEA,DET,SEA,KC,CHI,ATL,JAX,IND
(BYE 12),(BYE 12),(BYE 14),(BYE 14),(BYE 12),(BYE 12),(BYE 12),(BYE 10),(BYE 12),(BYE 10),(BYE 10),(BYE 5),(BYE 7),(BYE 10),(BYE 5),(BYE 10),(BYE 6),(BYE 7),(BYE 12),(BYE 12),(BYE 14)
7.4,7.7,7.11,7.9,7.1,7.11,7.6,7.9,7.4,7.6,7.7,7.3,7.1,7.6,7.1,7.4,7.7,7.11,7.11,7.4,7.11
Z. White,B. Thomas Jr.,E. Engram,R. Odunze,J. Ferguson,J. Ferguson,G. Kittle,D. Hopkins,Z. White,J. Burrow,R. Odunze,D. Montgomery,J. Conner,J. Burrow,J. Williams,E. Engram,R. Odunze,B. Thomas Jr.,E. Engram,D. Montgomery,J. Ferguson
RB,WR,TE,WR,TE,TE,TE,WR,RB,QB,WR,RB,RB,QB,WR,TE,WR,WR,TE,RB,TE
LV,JAX,JAX,CHI,DAL,DAL,SF,TEN,LV,CIN,CHI,DET,ARI,CIN,DET,JAX,CHI,JAX,JAX,DET,DAL
(BYE 10),(BYE 12),(BYE 12),(BYE 7),(BYE 7),(BYE 7),(BYE 9),(BYE 5),(BYE 10),(BYE 12),(BYE 7),(BYE 5),(BYE 11),(BYE 12),(BYE 5),(BYE 12),(BYE 7),(BYE 12),(BYE 12),(BYE 5),(BYE 7)
8.9,8.6,8.2,8.4,8.3,8.2,8.7,8.4,8.9,8.7,8.6,8.1,8.3,8.7,8.12,8.9,8.6,8.2,8.2,8.9,8.2
D. Johnson,D. Hopkins,R. Rice,B. Thomas Jr.,L. McConkey,J. Smith-Njigba,B. Purdy,R. Rice,D. Hopkins,D. Njoku,J. Warren,D. Njoku,D. Hopkins,D. Njoku,B. Purdy,D. Johnson,J. Warren,J. Smith-Njigba,B. Thomas Jr.,N. Harris,J. Williams
WR,WR,WR,WR,WR,WR,QB,WR,WR,TE,RB,TE,WR,TE,QB,WR,RB,WR,WR,RB,WR
CAR,TEN,KC,JAX,LAC,SEA,SF,KC,TEN,CLE,PIT,CLE,TEN,CLE,SF,CAR,PIT,SEA,JAX,PIT,DET
(BYE 11),(BYE 5),(BYE 6),(BYE 12),(BYE 5),(BYE 10),(BYE 9),(BYE 6),(BYE 5),(BYE 10),(BYE 9),(BYE 10),(BYE 5),(BYE 10),(BYE 9),(BYE 11),(BYE 9),(BYE 10),(BYE 12),(BYE 9),(BYE 5)
9.4,9.7,9.11,9.9,9.1,9.11,9.6,9.9,9.4,9.6,9.7,9.3,9.1,9.6,9.1,9.4,9.7,9.11,9.11,9.4,9.11
B. Purdy,J. Williams,A. Ekeler,T. Benson,C. Watson,M. Williams,J. Brooks,J. Smith-Njigba,A. Ekeler,D. Johnson,R. Rice,N. Harris,M. Williams,D. Johnson,J. Goff,T. Tagovailoa,Z. Moss,C. Williams,D. Singletary,B. Purdy,D. Goedert
QB,RB,RB,RB,WR,WR,RB,WR,RB,WR,WR,RB,WR,WR,QB,QB,RB,QB,RB,QB,TE
SF,DEN,WAS,ARI,GB,NYJ,CAR,SEA,WAS,CAR,KC,PIT,NYJ,CAR,DET,MIA,CIN,CHI,NYG,SF,PHI
(BYE 9),(BYE 14),(BYE 14),(BYE 11),(BYE 10),(BYE 12),(BYE 11),(BYE 10),(BYE 14),(BYE 11),(BYE 6),(BYE 9),(BYE 12),(BYE 11),(BYE 5),(BYE 6),(BYE 12),(BYE 7),(BYE 11),(BYE 9),(BYE 5)
10.9,10.6,10.2,10.4,10.3,10.2,10.7,10.4,10.9,10.7,10.6,10.1,10.3,10.7,10.12,10.9,10.6,10.2,10.2,10.9,10.2
A. Mitchell,T. Lawrence,C. Samuel,R. Doubs,M. Williams,D. Singletary,B. Robinson Jr.,T. Lockett,C. Sutton,D. Schultz,T. Lockett,T. Tagovailoa,T. Lockett,D. Schultz,K. Shakir,T. Lawrence,D. Goedert,D. Goedert,T. Lawrence,T. Lawrence,J. Goff
WR,QB,WR,WR,WR,RB,RB,WR,WR,TE,WR,QB,WR,TE,WR,QB,TE,TE,QB,QB,QB
IND,JAX,BUF,GB,NYJ,NYG,WAS,SEA,DEN,HOU,SEA,MIA,SEA,HOU,BUF,JAX,PHI,PHI,JAX,JAX,DET
(BYE 14),(BYE 12),(BYE 12),(BYE 10),(BYE 12),(BYE 11),(BYE 14),(BYE 10),(BYE 14),(BYE 14),(BYE 10),(BYE 6),(BYE 10),(BYE 14),(BYE 12),(BYE 12),(BYE 5),(BYE 5),(BYE 12),(BYE 12),(BYE 5)
11.4,11.7,11.11,11.9,11.1,11.11,11.6,11.9,11.4,11.6,11.7,11.3,11.1,11.6,11.1,11.4,11.7,11.11,11.11,11.4,11.11
R. Dowdle,D. Schultz,C. Kmet,K. Cousins,B. Cooks,J. Ford,K. Cousins,T. Hockenson,T. Spears,K. Shakir,J. Palmer,C. Brown,C. Brown,K. Shakir,B. Corum,J. Jeudy,T. Benson,T. Chandler,K. Cousins,T. Lockett,B. Corum
RB,TE,TE,QB,WR,RB,QB,TE,RB,WR,WR,RB,RB,WR,RB,WR,RB,RB,QB,WR,RB
DAL,HOU,CHI,ATL,DAL,CLE,ATL,MIN,TEN,BUF,LAC,CIN,CIN,BUF,LAR,CLE,ARI,MIN,ATL,SEA,LAR
(BYE 7),(BYE 14),(BYE 7),(BYE 12),(BYE 7),(BYE 10),(BYE 12),(BYE 6),(BYE 5),(BYE 12),(BYE 5),(BYE 12),(BYE 12),(BYE 12),(BYE 6),(BYE 10),(BYE 11),(BYE 6),(BYE 12),(BYE 10),(BYE 6)
12.9,12.6,12.2,12.4,12.3,12.2,12.7,12.4,12.9,12.7,12.6,12.1,12.3,12.7,12.12,12.9,12.6,12.2,12.2,12.9,12.2
B. Cooks,R. Dowdle,M. Stafford,R. Dowdle,A. Rodgers,R. Dowdle,B. Corum,E. Elliott,R. Dowdle,R. Dowdle,E. Elliott,J. Meyers,A. Rodgers,R. Dowdle,D. Wicks,A. Thielen,J. Jeudy,M. Stafford,M. Williams,J. Downs,A. Mitchell
WR,RB,QB,RB,QB,RB,RB,RB,RB,RB,RB,WR,QB,RB,WR,WR,WR,QB,WR,WR,WR
DAL,DAL,LAR,DAL,NYJ,DAL,LAR,DAL,DAL,DAL,DAL,LV,NYJ,DAL,GB,CAR,CLE,LAR,NYJ,IND,IND
(BYE 7),(BYE 7),(BYE 6),(BYE 7),(BYE 12),(BYE 7),(BYE 6),(BYE 7),(BYE 7),(BYE 7),(BYE 7),(BYE 10),(BYE 12),(BYE 7),(BYE 10),(BYE 11),(BYE 10),(BYE 6),(BYE 12),(BYE 14),(BYE 14)
13.4,13.7,13.11,13.9,13.1,13.11,13.6,13.9,13.4,13.6,13.7,13.3,13.1,13.6,13.1,13.4,13.7,13.11,13.11,13.4,13.11
R. Pearsall,J. Downs,Q. Johnston,R. Davis,B. Sinnott,J. Downs,M. Lloyd,G. Smith,D. Mooney,X. Legette,G. Smith,D. Watson,G. Smith,X. Legette,J. Dotson,C. Kmet,J. Downs,M. Wilson,D. Mooney,R. Dowdle,W. Robinson
WR,WR,WR,RB,TE,WR,RB,QB,WR,WR,QB,QB,QB,WR,WR,TE,WR,WR,WR,RB,WR
SF,IND,LAC,BUF,WAS,IND,GB,SEA,ATL,CAR,SEA,CLE,SEA,CAR,WAS,CHI,IND,ARI,ATL,DAL,NYG
(BYE 9),(BYE 14),(BYE 5),(BYE 12),(BYE 14),(BYE 14),(BYE 10),(BYE 10),(BYE 12),(BYE 11),(BYE 10),(BYE 10),(BYE 10),(BYE 11),(BYE 14),(BYE 7),(BYE 14),(BYE 11),(BYE 12),(BYE 7),(BYE 11)
14.9,14.6,14.2,14.4,14.3,14.2,14.7,14.4,14.9,14.7,14.6,14.1,14.3,14.7,14.12,14.9,14.6,14.2,14.2,14.9,14.2
T. Chandler,T. Hill,T. Franklin,R. Pearsall,D. Mooney,G. Smith,R. Davis,T. Chandler,J. Burton,J. Burton,J. McCarthy,R. Pearsall,T. Hill,J. Burton,T. Chandler,M. Corley,C. Otton,J. McLaughlin,K. Vidal,D. Carr,A. Gibson
RB,TE,WR,WR,WR,QB,RB,RB,WR,WR,QB,WR,TE,WR,RB,WR,TE,RB,RB,QB,RB
MIN,NO,DEN,SF,ATL,SEA,BUF,MIN,CIN,CIN,MIN,SF,NO,CIN,MIN,NYJ,TB,DEN,LAC,NO,NE
(BYE 6),(BYE 12),(BYE 14),(BYE 9),(BYE 12),(BYE 10),(BYE 12),(BYE 6),(BYE 12),(BYE 12),(BYE 6),(BYE 9),(BYE 12),(BYE 12),(BYE 6),(BYE 12),(BYE 11),(BYE 14),(BYE 5),(BYE 12),(BYE 14)
15.4,15.7,15.11,15.9,15.1,15.11,15.6,15.9,15.4,15.6,15.7,15.3,15.1,15.6,15.1,15.4,15.7,15.11,15.11,15.4,15.11
K. Mitchell,K. Vidal,J. Burton,W. Robinson,M. Corley,K. Vidal,T. Tracy Jr.,W. Robinson,T. Franklin,M. Wilson,D. Carr,T. Franklin,Ro. Wilson,M. Wilson,T. Hill,R. Pearsall,D. Douglas,E. Mitchell,B. Irving,A. Gibson,R. Pearsall
RB,RB,WR,WR,WR,RB,RB,WR,WR,WR,QB,WR,WR,WR,TE,WR,WR,RB,RB,RB,WR
BAL,LAC,CIN,NYG,NYJ,LAC,NYG,NYG,DEN,ARI,NO,DEN,PIT,ARI,NO,SF,NE,SF,TB,NE,SF
(BYE 14),(BYE 5),(BYE 12),(BYE 11),(BYE 12),(BYE 5),(BYE 11),(BYE 11),(BYE 14),(BYE 11),(BYE 12),(BYE 14),(BYE 9),(BYE 11),(BYE 12),(BYE 9),(BYE 14),(BYE 9),(BYE 11),(BYE 14),(BYE 9)
16.9,16.6,16.2,16.4,16.3,16.2,16.7,16.4,16.9,16.7,16.6,16.1,16.3,16.7,16.12,16.9,16.6,16.2,16.2,16.9,16.2
T. Tracy Jr.,R. Johnson,M. Mims Jr.,I. Likely,T. Allgeier,C. Otton,M. Wilson,D. Pierce,B. Irving,B. Young,K. Herbert,D. Pierce,R. Pearsall,B. Young,D. Douglas,B. Young,A. Gibson,N. Fant,R. Davis,C. Okonkwo,E. Mitchell
RB,RB,WR,TE,RB,TE,WR,RB,RB,QB,RB,RB,WR,QB,WR,QB,RB,TE,RB,TE,RB
NYG,CHI,DEN,BAL,ATL,TB,ARI,HOU,TB,CAR,CHI,HOU,SF,CAR,NE,CAR,NE,SEA,BUF,TEN,SF
(BYE 11),(BYE 7),(BYE 14),(BYE 14),(BYE 12),(BYE 11),(BYE 11),(BYE 14),(BYE 11),(BYE 11),(BYE 7),(BYE 14),(BYE 9),(BYE 11),(BYE 14),(BYE 11),(BYE 14),(BYE 10),(BYE 12),(BYE 5),(BYE 9)
17.4,17.7,17.11,17.9,17.1,17.11,17.6,17.9,17.4,17.6,17.7,17.3,17.1,17.6,17.1,17.4,17.7,17.11,17.11,17.4,17.11
C. Okonkwo,E. Mitchell,B. Nix,D. Laube,K. Mitchell,D. Jones,T. Franklin,R. Johnson,B. Nix,K. Mitchell,N. Fant,K. Mitchell,J. Sanders,K. Mitchell,R. Johnson,K. Herbert,D. Jones,D. Pierce,C. Okonkwo,M. Corley,B. Allen
TE,RB,QB,RB,RB,QB,WR,RB,QB,RB,TE,RB,TE,RB,RB,RB,QB,RB,TE,WR,RB
TEN,SF,DEN,LV,BAL,NYG,DEN,CHI,DEN,BAL,SEA,BAL,CAR,BAL,CHI,CHI,NYG,HOU,TEN,NYJ,NYJ
(BYE 5),(BYE 9),(BYE 14),(BYE 10),(BYE 14),(BYE 11),(BYE 14),(BYE 7),(BYE 14),(BYE 14),(BYE 10),(BYE 14),(BYE 11),(BYE 14),(BYE 7),(BYE 7),(BYE 11),(BYE 14),(BYE 5),(BYE 12),(BYE 12)
18.9,18.6,18.2,18.4,18.3,18.2,18.7,18.4,18.9,18.7,18.6,18.1,18.3,18.7,18.12,18.9,18.6,18.2,18.2,18.9,18.2
D. Walker,A. Estime,E. Mitchell,J. Jordan,D. Robinson,D. Pierce,K. Mitchell,J. Sanders,T. Bigsby,T. Bigsby,J. McLaughlin,D. Walker,Ru. Wilson,T. Bigsby,A. Lazard,C. Edwards-Helaire,M. Mims Jr.,M. Mims Jr.,D. Foreman,D. Laube,Z. Jones
WR,RB,RB,RB,WR,RB,RB,TE,RB,RB,RB,WR,QB,RB,WR,RB,WR,WR,RB,RB,WR
BAL,DEN,SF,HOU,LAR,HOU,BAL,CAR,JAX,JAX,DEN,BAL,PIT,JAX,NYJ,KC,DEN,DEN,CLE,LV,ARI
(BYE 14),(BYE 14),(BYE 9),(BYE 14),(BYE 6),(BYE 14),(BYE 14),(BYE 11),(BYE 12),(BYE 12),(BYE 14),(BYE 14),(BYE 9),(BYE 12),(BYE 12),(BYE 6),(BYE 14),(BYE 14),(BYE 10),(BYE 10),(BYE 11)
19.4,19.7,19.11,19.9,19.1,19.11,19.6,19.9,19.4,19.6,19.7,19.3,19.1,19.6,19.1,19.4,19.7,19.11,19.11,19.4,19.11
D. Foreman,L. Rees-Zammit,R. Rivers,A. Estime,D. Miller,E. Hull,J. McMillan,T. Bigsby,D. Walker,S. Perine,D. Laube,E. Moore,J. Wiley,S. Perine,R. Moore,D. Foreman,Ru. Wilson,E. Gray,G. Dortch,K. Gainwell,R. McCloud III
RB,RB,RB,RB,RB,RB,WR,RB,WR,RB,RB,WR,TE,RB,WR,RB,QB,RB,WR,RB,WR
CLE,KC,LAR,DEN,NYG,IND,TB,JAX,BAL,DEN,LV,CLE,KC,DEN,ATL,CLE,PIT,NYG,ARI,PHI,ATL
(BYE 10),(BYE 6),(BYE 6),(BYE 14),(BYE 11),(BYE 14),(BYE 11),(BYE 12),(BYE 14),(BYE 14),(BYE 10),(BYE 10),(BYE 6),(BYE 14),(BYE 12),(BYE 10),(BYE 9),(BYE 11),(BYE 11),(BYE 5),(BYE 12)
20.9,20.6,20.2,20.4,20.3,20.2,20.7,20.4,20.9,20.7,20.6,20.1,20.3,20.7,20.12,20.9,20.6,20.2,20.2,20.9,20.2
R. Rivers,Z. Evans,R. Gilliam,D. Edwards,E. Bailey,K. Pickett,A. Abdullah,D. Foreman,D. Knox,C. Evans,A. Dillon,B. Jordan,D. Washington,C. Evans,D. Vaughn,K. Gainwell,K. Pickett,C. Edmonds,S. Perine,S. Perine,O. Beckham Jr.
RB,RB,RB,RB,RB,QB,RB,RB,TE,RB,RB,TE,TE,RB,RB,RB,QB,RB,RB,RB,WR
LAR,LAR,BUF,PIT,KC,PHI,LV,CLE,BUF,CIN,GB,HOU,PIT,CIN,DAL,PHI,PHI,TB,DEN,DEN,MIA
(BYE 6),(BYE 6),(BYE 12),(BYE 9),(BYE 6),(BYE 5),(BYE 10),(BYE 10),(BYE 12),(BYE 12),(BYE 10),(BYE 14),(BYE 9),(BYE 12),(BYE 7),(BYE 5),(BYE 5),(BYE 11),(BYE 14),(BYE 14),(BYE 6)